[
	{
		"FirstName": "Camilla",
		"MiddleName": "Demetrius",
		"LastName": "Hunter",
		"BirthDate": "1990-10-21",
		"Address": "8670 Risus. Avenue"
	},
	{
		"FirstName": "Kay",
		"MiddleName": "Chadwick",
		"LastName": "Kyra",
		"BirthDate": "1995-10-23",
		"Address": "7127 Blandit Ave"
	},
	{
		"FirstName": "Amber",
		"MiddleName": "Abbot",
		"LastName": "Raymond",
		"BirthDate": "1990-04-29",
		"Address": "5753 Cursus, St."
	},
	{
		"FirstName": "Xaviera",
		"MiddleName": "Ralph",
		"LastName": "James",
		"BirthDate": "1993-11-04",
		"Address": "Ap #570-9745 Id Rd."
	},
	{
		"FirstName": "Jolie",
		"MiddleName": "Carlos",
		"LastName": "Kelly",
		"BirthDate": "1994-08-05",
		"Address": "P.O. Box 996, 8903 Elit. Avenue"
	},
	{
		"FirstName": "Jasmine",
		"MiddleName": "Thor",
		"LastName": "Regina",
		"BirthDate": "1987-11-13",
		"Address": "P.O. Box 917, 2418 Amet Street"
	},
	{
		"FirstName": "Cassandra",
		"MiddleName": "Vaughan",
		"LastName": "Cassandra",
		"BirthDate": "1989-05-07",
		"Address": "Ap #748-9194 Ut, Road"
	},
	{
		"FirstName": "Colette",
		"MiddleName": "Palmer",
		"LastName": "Jorden",
		"BirthDate": "1986-05-01",
		"Address": "1561 Lobortis Av."
	},
	{
		"FirstName": "Unity",
		"MiddleName": "Allen",
		"LastName": "Yvette",
		"BirthDate": "1983-07-21",
		"Address": "443-3358 Quisque Av."
	},
	{
		"FirstName": "Indigo",
		"MiddleName": "Charles",
		"LastName": "Arden",
		"BirthDate": "1986-01-05",
		"Address": "Ap #556-6178 Morbi Road"
	},
	{
		"FirstName": "Eve",
		"MiddleName": "Brian",
		"LastName": "Gisela",
		"BirthDate": "1983-09-08",
		"Address": "P.O. Box 222, 9718 Ac Avenue"
	},
	{
		"FirstName": "Alfreda",
		"MiddleName": "Oliver",
		"LastName": "Stewart",
		"BirthDate": "1995-02-28",
		"Address": "Ap #113-4735 Lacus. St."
	},
	{
		"FirstName": "Brenna",
		"MiddleName": "Blake",
		"LastName": "Nina",
		"BirthDate": "1993-12-21",
		"Address": "Ap #737-7551 Dignissim Rd."
	},
	{
		"FirstName": "Athena",
		"MiddleName": "Akeem",
		"LastName": "Harrison",
		"BirthDate": "1993-10-30",
		"Address": "Ap #632-4087 Pede, Road"
	},
	{
		"FirstName": "Ingrid",
		"MiddleName": "Yoshio",
		"LastName": "Mira",
		"BirthDate": "1996-11-04",
		"Address": "570-2683 Lacinia Road"
	},
	{
		"FirstName": "Veronica",
		"MiddleName": "Cain",
		"LastName": "Xena",
		"BirthDate": "1985-04-28",
		"Address": "P.O. Box 875, 5964 Lacus. Road"
	},
	{
		"FirstName": "Courtney",
		"MiddleName": "Barrett",
		"LastName": "Chadwick",
		"BirthDate": "1990-08-12",
		"Address": "P.O. Box 231, 9943 Auctor Avenue"
	},
	{
		"FirstName": "Teagan",
		"MiddleName": "Kaseem",
		"LastName": "Hayden",
		"BirthDate": "1987-07-07",
		"Address": "3469 Varius Ave"
	},
	{
		"FirstName": "Allegra",
		"MiddleName": "Zahir",
		"LastName": "Victor",
		"BirthDate": "1990-09-16",
		"Address": "P.O. Box 481, 9081 Dis St."
	},
	{
		"FirstName": "Inez",
		"MiddleName": "Prescott",
		"LastName": "Candice",
		"BirthDate": "1986-03-10",
		"Address": "2558 Turpis. Av."
	},
	{
		"FirstName": "Ima",
		"MiddleName": "Wallace",
		"LastName": "Connor",
		"BirthDate": "1996-03-11",
		"Address": "Ap #262-2838 Sem Ave"
	},
	{
		"FirstName": "India",
		"MiddleName": "Steven",
		"LastName": "Madaline",
		"BirthDate": "1994-09-22",
		"Address": "P.O. Box 460, 2645 Curabitur St."
	},
	{
		"FirstName": "Tanya",
		"MiddleName": "Justin",
		"LastName": "Abraham",
		"BirthDate": "1993-01-07",
		"Address": "2971 Orci St."
	},
	{
		"FirstName": "May",
		"MiddleName": "Jermaine",
		"LastName": "Christen",
		"BirthDate": "1984-05-08",
		"Address": "184-6431 Ac Av."
	},
	{
		"FirstName": "Marah",
		"MiddleName": "Charles",
		"LastName": "Kelsey",
		"BirthDate": "1992-06-27",
		"Address": "P.O. Box 316, 7858 Eros Ave"
	},
	{
		"FirstName": "Alana",
		"MiddleName": "Alexander",
		"LastName": "Dennis",
		"BirthDate": "1990-11-24",
		"Address": "P.O. Box 759, 3291 Ornare Rd."
	},
	{
		"FirstName": "Shaine",
		"MiddleName": "Orson",
		"LastName": "Ursa",
		"BirthDate": "1995-04-22",
		"Address": "Ap #257-3048 Nunc Av."
	},
	{
		"FirstName": "Libby",
		"MiddleName": "Richard",
		"LastName": "Tatum",
		"BirthDate": "1996-05-29",
		"Address": "471-7679 Dui St."
	},
	{
		"FirstName": "Carissa",
		"MiddleName": "Aristotle",
		"LastName": "Calista",
		"BirthDate": "1989-05-03",
		"Address": "Ap #829-818 Sed Av."
	},
	{
		"FirstName": "Cherokee",
		"MiddleName": "Price",
		"LastName": "Bryar",
		"BirthDate": "1988-04-15",
		"Address": "P.O. Box 862, 9888 Faucibus Ave"
	},
	{
		"FirstName": "Naomi",
		"MiddleName": "Charles",
		"LastName": "Brent",
		"BirthDate": "1994-06-24",
		"Address": "1066 Posuere St."
	},
	{
		"FirstName": "Cassidy",
		"MiddleName": "Alexander",
		"LastName": "Lara",
		"BirthDate": "1992-01-23",
		"Address": "3464 Vel Street"
	},
	{
		"FirstName": "Jocelyn",
		"MiddleName": "Cadman",
		"LastName": "Kameko",
		"BirthDate": "1994-05-24",
		"Address": "Ap #541-8570 Ante Ave"
	},
	{
		"FirstName": "Rhona",
		"MiddleName": "Edward",
		"LastName": "Stewart",
		"BirthDate": "1987-01-03",
		"Address": "P.O. Box 504, 7098 Risus. Street"
	},
	{
		"FirstName": "Nicole",
		"MiddleName": "Lance",
		"LastName": "Urielle",
		"BirthDate": "1988-09-25",
		"Address": "699-6087 A St."
	},
	{
		"FirstName": "Quincy",
		"MiddleName": "Amir",
		"LastName": "Rylee",
		"BirthDate": "1983-03-31",
		"Address": "712-1973 Odio. Avenue"
	},
	{
		"FirstName": "Vivien",
		"MiddleName": "Kyle",
		"LastName": "Eliana",
		"BirthDate": "1986-10-21",
		"Address": "9472 Nec Avenue"
	},
	{
		"FirstName": "Tatiana",
		"MiddleName": "Harper",
		"LastName": "Yuli",
		"BirthDate": "1984-07-07",
		"Address": "Ap #437-9687 Iaculis St."
	},
	{
		"FirstName": "Wanda",
		"MiddleName": "Vernon",
		"LastName": "Aurora",
		"BirthDate": "1983-01-17",
		"Address": "Ap #474-3402 Ipsum Rd."
	},
	{
		"FirstName": "Iona",
		"MiddleName": "Christopher",
		"LastName": "Illiana",
		"BirthDate": "1992-09-15",
		"Address": "541-6400 Lacus. St."
	},
	{
		"FirstName": "Shelly",
		"MiddleName": "Ulric",
		"LastName": "Lucius",
		"BirthDate": "1990-04-24",
		"Address": "P.O. Box 539, 2858 Amet St."
	},
	{
		"FirstName": "Zephr",
		"MiddleName": "Malik",
		"LastName": "Xantha",
		"BirthDate": "1996-06-08",
		"Address": "1179 Ornare Avenue"
	},
	{
		"FirstName": "Martena",
		"MiddleName": "Garrett",
		"LastName": "Calvin",
		"BirthDate": "1990-03-08",
		"Address": "1674 Et Ave"
	},
	{
		"FirstName": "Jana",
		"MiddleName": "Vernon",
		"LastName": "Sara",
		"BirthDate": "1984-02-10",
		"Address": "P.O. Box 376, 1191 Enim Street"
	},
	{
		"FirstName": "Sonya",
		"MiddleName": "Howard",
		"LastName": "Cruz",
		"BirthDate": "1982-07-22",
		"Address": "Ap #638-8683 Magna Avenue"
	},
	{
		"FirstName": "September",
		"MiddleName": "Hunter",
		"LastName": "Linda",
		"BirthDate": "1994-01-15",
		"Address": "5227 Venenatis Road"
	},
	{
		"FirstName": "Liberty",
		"MiddleName": "Ulric",
		"LastName": "Darius",
		"BirthDate": "1997-11-13",
		"Address": "P.O. Box 263, 2811 Tempus, Road"
	},
	{
		"FirstName": "Sophia",
		"MiddleName": "Galvin",
		"LastName": "Burton",
		"BirthDate": "1982-12-02",
		"Address": "Ap #373-779 Aliquam St."
	},
	{
		"FirstName": "Brenda",
		"MiddleName": "Leroy",
		"LastName": "Cheryl",
		"BirthDate": "1998-03-15",
		"Address": "378-5474 Nunc Rd."
	},
	{
		"FirstName": "Karen",
		"MiddleName": "Theodore",
		"LastName": "Jayme",
		"BirthDate": "1995-06-18",
		"Address": "P.O. Box 444, 8664 Ornare Av."
	},
	{
		"FirstName": "Reagan",
		"MiddleName": "Kennan",
		"LastName": "Daphne",
		"BirthDate": "1988-01-03",
		"Address": "7286 Ipsum Road"
	},
	{
		"FirstName": "Noel",
		"MiddleName": "Raja",
		"LastName": "Malik",
		"BirthDate": "1996-03-13",
		"Address": "Ap #464-9828 Odio Avenue"
	},
	{
		"FirstName": "Virginia",
		"MiddleName": "Wayne",
		"LastName": "Nita",
		"BirthDate": "1996-08-01",
		"Address": "445-1038 Amet Avenue"
	},
	{
		"FirstName": "Uma",
		"MiddleName": "Thor",
		"LastName": "Rylee",
		"BirthDate": "1988-04-05",
		"Address": "P.O. Box 495, 2019 Fusce Rd."
	},
	{
		"FirstName": "Julie",
		"MiddleName": "Kennedy",
		"LastName": "Alea",
		"BirthDate": "1983-09-07",
		"Address": "1239 Arcu. St."
	},
	{
		"FirstName": "Irma",
		"MiddleName": "Hall",
		"LastName": "Vaughan",
		"BirthDate": "1985-10-01",
		"Address": "Ap #706-2197 Cursus. Avenue"
	},
	{
		"FirstName": "Kaden",
		"MiddleName": "Jarrod",
		"LastName": "Wade",
		"BirthDate": "1983-08-29",
		"Address": "374-2686 Turpis Ave"
	},
	{
		"FirstName": "Jemima",
		"MiddleName": "Brenden",
		"LastName": "Gavin",
		"BirthDate": "1993-09-11",
		"Address": "914-5419 Adipiscing St."
	},
	{
		"FirstName": "Gail",
		"MiddleName": "Lucas",
		"LastName": "Norman",
		"BirthDate": "1983-08-01",
		"Address": "562-1359 Morbi Road"
	},
	{
		"FirstName": "Brenda",
		"MiddleName": "Erasmus",
		"LastName": "Darryl",
		"BirthDate": "1984-01-22",
		"Address": "P.O. Box 814, 3942 Nibh Rd."
	},
	{
		"FirstName": "Chanda",
		"MiddleName": "Amal",
		"LastName": "MacKenzie",
		"BirthDate": "1989-12-06",
		"Address": "109-2521 Etiam Rd."
	},
	{
		"FirstName": "Rebecca",
		"MiddleName": "Cooper",
		"LastName": "Stella",
		"BirthDate": "1982-12-09",
		"Address": "Ap #883-4263 Nunc St."
	},
	{
		"FirstName": "Keelie",
		"MiddleName": "Jordan",
		"LastName": "Gary",
		"BirthDate": "1986-04-30",
		"Address": "7955 Ipsum Ave"
	},
	{
		"FirstName": "Georgia",
		"MiddleName": "Gil",
		"LastName": "Cora",
		"BirthDate": "1986-01-10",
		"Address": "Ap #906-6914 Ligula Street"
	},
	{
		"FirstName": "Francesca",
		"MiddleName": "Myles",
		"LastName": "Gannon",
		"BirthDate": "1988-02-09",
		"Address": "Ap #462-3971 Egestas St."
	},
	{
		"FirstName": "Tallulah",
		"MiddleName": "Timothy",
		"LastName": "Destiny",
		"BirthDate": "1990-09-12",
		"Address": "P.O. Box 353, 5945 Tempor, St."
	},
	{
		"FirstName": "Germane",
		"MiddleName": "Cyrus",
		"LastName": "Avram",
		"BirthDate": "1992-01-07",
		"Address": "1433 Ante Road"
	},
	{
		"FirstName": "Remedios",
		"MiddleName": "Neil",
		"LastName": "Beck",
		"BirthDate": "1989-06-14",
		"Address": "P.O. Box 116, 8056 Ligula. St."
	},
	{
		"FirstName": "Ina",
		"MiddleName": "Clarke",
		"LastName": "Hermione",
		"BirthDate": "1982-04-22",
		"Address": "P.O. Box 269, 4427 Nisl. Street"
	},
	{
		"FirstName": "Xantha",
		"MiddleName": "Conan",
		"LastName": "Libby",
		"BirthDate": "1983-07-26",
		"Address": "4535 Lacus. Road"
	},
	{
		"FirstName": "Evelyn",
		"MiddleName": "Hamilton",
		"LastName": "Molly",
		"BirthDate": "1990-10-25",
		"Address": "8636 Eget Rd."
	},
	{
		"FirstName": "Martina",
		"MiddleName": "Logan",
		"LastName": "Tara",
		"BirthDate": "1993-05-02",
		"Address": "276-9700 Eu Ave"
	},
	{
		"FirstName": "Unity",
		"MiddleName": "Charles",
		"LastName": "Wynter",
		"BirthDate": "1996-06-30",
		"Address": "239-4898 Porttitor Road"
	},
	{
		"FirstName": "Sybil",
		"MiddleName": "Duncan",
		"LastName": "Adrian",
		"BirthDate": "1988-12-28",
		"Address": "523 Gravida Rd."
	},
	{
		"FirstName": "Nayda",
		"MiddleName": "Brent",
		"LastName": "Claire",
		"BirthDate": "1983-02-22",
		"Address": "445-3994 Nunc Ave"
	},
	{
		"FirstName": "Kai",
		"MiddleName": "Quinn",
		"LastName": "Devin",
		"BirthDate": "1992-11-12",
		"Address": "Ap #952-2529 Cursus, Rd."
	},
	{
		"FirstName": "Jaden",
		"MiddleName": "Clinton",
		"LastName": "Amery",
		"BirthDate": "1986-11-09",
		"Address": "858-6883 Sit Rd."
	},
	{
		"FirstName": "Adele",
		"MiddleName": "Slade",
		"LastName": "Stacey",
		"BirthDate": "1993-09-19",
		"Address": "480-9235 Eros. Avenue"
	},
	{
		"FirstName": "Maxine",
		"MiddleName": "Cody",
		"LastName": "Nash",
		"BirthDate": "1995-01-30",
		"Address": "5949 Non, St."
	},
	{
		"FirstName": "Odette",
		"MiddleName": "Barrett",
		"LastName": "Conan",
		"BirthDate": "1982-05-26",
		"Address": "104-2962 Augue Av."
	},
	{
		"FirstName": "Shea",
		"MiddleName": "Clinton",
		"LastName": "Kyra",
		"BirthDate": "1992-10-30",
		"Address": "3748 Gravida St."
	},
	{
		"FirstName": "Zorita",
		"MiddleName": "Vernon",
		"LastName": "Hunter",
		"BirthDate": "1987-09-04",
		"Address": "783-4459 Tellus St."
	},
	{
		"FirstName": "Quynn",
		"MiddleName": "Prescott",
		"LastName": "Rina",
		"BirthDate": "1993-02-13",
		"Address": "P.O. Box 111, 7358 Euismod Road"
	},
	{
		"FirstName": "Joan",
		"MiddleName": "Hoyt",
		"LastName": "Erasmus",
		"BirthDate": "1997-01-14",
		"Address": "Ap #561-8030 Tellus, St."
	},
	{
		"FirstName": "Kelly",
		"MiddleName": "Callum",
		"LastName": "Mira",
		"BirthDate": "1984-10-18",
		"Address": "833-6888 A Road"
	},
	{
		"FirstName": "Laura",
		"MiddleName": "Mannix",
		"LastName": "Neville",
		"BirthDate": "1990-07-01",
		"Address": "326-3021 Pharetra Avenue"
	},
	{
		"FirstName": "Callie",
		"MiddleName": "Mannix",
		"LastName": "Breanna",
		"BirthDate": "1997-10-19",
		"Address": "Ap #947-4500 Egestas. Av."
	},
	{
		"FirstName": "Dominique",
		"MiddleName": "Kadeem",
		"LastName": "Thaddeus",
		"BirthDate": "1993-07-11",
		"Address": "4170 Dolor Rd."
	},
	{
		"FirstName": "Paloma",
		"MiddleName": "Knox",
		"LastName": "Farrah",
		"BirthDate": "1987-08-22",
		"Address": "170-2956 Elit Street"
	},
	{
		"FirstName": "Cherokee",
		"MiddleName": "Mark",
		"LastName": "Winter",
		"BirthDate": "1984-08-09",
		"Address": "123-8541 Augue St."
	},
	{
		"FirstName": "Inga",
		"MiddleName": "Martin",
		"LastName": "Cole",
		"BirthDate": "1986-06-21",
		"Address": "7540 Hendrerit Rd."
	},
	{
		"FirstName": "Chantale",
		"MiddleName": "Kennedy",
		"LastName": "Ignatius",
		"BirthDate": "1995-07-09",
		"Address": "3861 Vulputate Ave"
	},
	{
		"FirstName": "Nita",
		"MiddleName": "Jakeem",
		"LastName": "Madeline",
		"BirthDate": "1983-10-27",
		"Address": "P.O. Box 585, 9505 Tempus, Rd."
	},
	{
		"FirstName": "Rebekah",
		"MiddleName": "Plato",
		"LastName": "Ava",
		"BirthDate": "1989-07-27",
		"Address": "Ap #385-6352 Egestas. St."
	},
	{
		"FirstName": "September",
		"MiddleName": "Xanthus",
		"LastName": "Orson",
		"BirthDate": "1994-09-11",
		"Address": "670-7836 Pellentesque Av."
	},
	{
		"FirstName": "Illiana",
		"MiddleName": "Lester",
		"LastName": "Kay",
		"BirthDate": "1984-10-10",
		"Address": "Ap #882-1664 In Ave"
	},
	{
		"FirstName": "Hanna",
		"MiddleName": "Laith",
		"LastName": "Quon",
		"BirthDate": "1995-03-28",
		"Address": "6833 Ligula. Street"
	},
	{
		"FirstName": "Ashely",
		"MiddleName": "Jackson",
		"LastName": "Jaquelyn",
		"BirthDate": "1994-06-04",
		"Address": "Ap #883-3114 Sed Av."
	},
	{
		"FirstName": "Colette",
		"MiddleName": "Vance",
		"LastName": "Nissim",
		"BirthDate": "1996-01-11",
		"Address": "Ap #480-6852 Dictum. St."
	},
	{
		"FirstName": "Quin",
		"MiddleName": "Felix",
		"LastName": "Oliver",
		"BirthDate": "1986-08-19",
		"Address": "Ap #517-1549 Aliquet St."
	}
]