[
	{
		"FirstName": "Chadwick",
		"LastName": "Chambers",
		"MiddleName": "Scott"
	},
	{
		"FirstName": "Macon",
		"LastName": "Burch",
		"MiddleName": "Fulton"
	},
	{
		"FirstName": "Rajah",
		"LastName": "Trevino",
		"MiddleName": "Ezekiel"
	},
	{
		"FirstName": "Allistair",
		"LastName": "Cantrell",
		"MiddleName": "Trevor"
	},
	{
		"FirstName": "Brenden",
		"LastName": "Dodson",
		"MiddleName": "Cullen"
	},
	{
		"FirstName": "Lars",
		"LastName": "Aguilar",
		"MiddleName": "Bernard"
	},
	{
		"FirstName": "Tiger",
		"LastName": "Noel",
		"MiddleName": "Nash"
	},
	{
		"FirstName": "Hunter",
		"LastName": "Gibbs",
		"MiddleName": "Dane"
	},
	{
		"FirstName": "Lars",
		"LastName": "Harmon",
		"MiddleName": "Chaney"
	},
	{
		"FirstName": "Christian",
		"LastName": "Huffman",
		"MiddleName": "Moses"
	},
	{
		"FirstName": "Walter",
		"LastName": "Keller",
		"MiddleName": "Buckminster"
	},
	{
		"FirstName": "Brock",
		"LastName": "Andrews",
		"MiddleName": "Thomas"
	},
	{
		"FirstName": "Prescott",
		"LastName": "Booker",
		"MiddleName": "Edan"
	},
	{
		"FirstName": "Victor",
		"LastName": "Gilbert",
		"MiddleName": "Brady"
	},
	{
		"FirstName": "Troy",
		"LastName": "Howe",
		"MiddleName": "Brent"
	},
	{
		"FirstName": "Yuli",
		"LastName": "Lara",
		"MiddleName": "Colt"
	},
	{
		"FirstName": "Zeph",
		"LastName": "Day",
		"MiddleName": "Dillon"
	},
	{
		"FirstName": "Wang",
		"LastName": "Moore",
		"MiddleName": "Odysseus"
	},
	{
		"FirstName": "Troy",
		"LastName": "Wyatt",
		"MiddleName": "Laith"
	},
	{
		"FirstName": "Calvin",
		"LastName": "Adkins",
		"MiddleName": "Barclay"
	},
	{
		"FirstName": "Isaiah",
		"LastName": "Lane",
		"MiddleName": "Melvin"
	},
	{
		"FirstName": "Aristotle",
		"LastName": "Orr",
		"MiddleName": "Kato"
	},
	{
		"FirstName": "Damian",
		"LastName": "Brewer",
		"MiddleName": "Keith"
	},
	{
		"FirstName": "Henry",
		"LastName": "Armstrong",
		"MiddleName": "Nicholas"
	},
	{
		"FirstName": "Jesse",
		"LastName": "Lucas",
		"MiddleName": "Dillon"
	},
	{
		"FirstName": "Hayes",
		"LastName": "Riley",
		"MiddleName": "Troy"
	},
	{
		"FirstName": "Chadwick",
		"LastName": "Shepherd",
		"MiddleName": "Thor"
	},
	{
		"FirstName": "Ray",
		"LastName": "Sharpe",
		"MiddleName": "Daquan"
	},
	{
		"FirstName": "Silas",
		"LastName": "Beck",
		"MiddleName": "Quamar"
	},
	{
		"FirstName": "Nasim",
		"LastName": "Cunningham",
		"MiddleName": "Alvin"
	},
	{
		"FirstName": "Ignatius",
		"LastName": "Sellers",
		"MiddleName": "Galvin"
	},
	{
		"FirstName": "Chase",
		"LastName": "Strickland",
		"MiddleName": "Beck"
	},
	{
		"FirstName": "Travis",
		"LastName": "Fleming",
		"MiddleName": "Preston"
	},
	{
		"FirstName": "Cyrus",
		"LastName": "Miranda",
		"MiddleName": "Rigel"
	},
	{
		"FirstName": "Jack",
		"LastName": "Fields",
		"MiddleName": "Colin"
	},
	{
		"FirstName": "Brennan",
		"LastName": "Mathews",
		"MiddleName": "Victor"
	},
	{
		"FirstName": "Lucian",
		"LastName": "Brown",
		"MiddleName": "Nolan"
	},
	{
		"FirstName": "Cruz",
		"LastName": "Dickson",
		"MiddleName": "Kieran"
	},
	{
		"FirstName": "Ray",
		"LastName": "Manning",
		"MiddleName": "Stephen"
	},
	{
		"FirstName": "Hamilton",
		"LastName": "Garza",
		"MiddleName": "Emerson"
	},
	{
		"FirstName": "Cody",
		"LastName": "Downs",
		"MiddleName": "Melvin"
	},
	{
		"FirstName": "Carson",
		"LastName": "Mcclure",
		"MiddleName": "Sawyer"
	},
	{
		"FirstName": "Hall",
		"LastName": "Baldwin",
		"MiddleName": "Drake"
	},
	{
		"FirstName": "Judah",
		"LastName": "Mcknight",
		"MiddleName": "Keith"
	},
	{
		"FirstName": "Austin",
		"LastName": "Brooks",
		"MiddleName": "Jonah"
	},
	{
		"FirstName": "Laith",
		"LastName": "Roberson",
		"MiddleName": "Joshua"
	},
	{
		"FirstName": "Acton",
		"LastName": "Mejia",
		"MiddleName": "Garth"
	},
	{
		"FirstName": "Ivor",
		"LastName": "Lynn",
		"MiddleName": "Lionel"
	},
	{
		"FirstName": "Ferris",
		"LastName": "Hogan",
		"MiddleName": "Vernon"
	},
	{
		"FirstName": "Tobias",
		"LastName": "Figueroa",
		"MiddleName": "Odysseus"
	},
	{
		"FirstName": "Nasim",
		"LastName": "Rivas",
		"MiddleName": "Oleg"
	},
	{
		"FirstName": "Burton",
		"LastName": "Yang",
		"MiddleName": "Quinlan"
	},
	{
		"FirstName": "Keane",
		"LastName": "Carr",
		"MiddleName": "Nasim"
	},
	{
		"FirstName": "Edward",
		"LastName": "Richardson",
		"MiddleName": "Mark"
	},
	{
		"FirstName": "Elliott",
		"LastName": "Vasquez",
		"MiddleName": "Basil"
	},
	{
		"FirstName": "Emery",
		"LastName": "Blevins",
		"MiddleName": "Warren"
	},
	{
		"FirstName": "Jelani",
		"LastName": "Mendoza",
		"MiddleName": "Peter"
	},
	{
		"FirstName": "Wallace",
		"LastName": "Weeks",
		"MiddleName": "Perry"
	},
	{
		"FirstName": "Brenden",
		"LastName": "Newman",
		"MiddleName": "Dalton"
	},
	{
		"FirstName": "Darius",
		"LastName": "Mercado",
		"MiddleName": "Melvin"
	},
	{
		"FirstName": "Melvin",
		"LastName": "Huff",
		"MiddleName": "Nehru"
	},
	{
		"FirstName": "Sylvester",
		"LastName": "Lowery",
		"MiddleName": "Gavin"
	},
	{
		"FirstName": "Tanner",
		"LastName": "Buckner",
		"MiddleName": "Amir"
	},
	{
		"FirstName": "Matthew",
		"LastName": "Sullivan",
		"MiddleName": "Finn"
	},
	{
		"FirstName": "Tyler",
		"LastName": "Heath",
		"MiddleName": "Rahim"
	},
	{
		"FirstName": "Griffin",
		"LastName": "Price",
		"MiddleName": "Abel"
	},
	{
		"FirstName": "Davis",
		"LastName": "Joyner",
		"MiddleName": "Oren"
	},
	{
		"FirstName": "Darius",
		"LastName": "Landry",
		"MiddleName": "Trevor"
	},
	{
		"FirstName": "Calvin",
		"LastName": "Oneal",
		"MiddleName": "Joel"
	},
	{
		"FirstName": "Oren",
		"LastName": "Juarez",
		"MiddleName": "Mohammad"
	},
	{
		"FirstName": "Owen",
		"LastName": "Valenzuela",
		"MiddleName": "Harrison"
	},
	{
		"FirstName": "Leonard",
		"LastName": "Roberson",
		"MiddleName": "Grady"
	},
	{
		"FirstName": "Flynn",
		"LastName": "Snyder",
		"MiddleName": "Samuel"
	},
	{
		"FirstName": "Kelly",
		"LastName": "Hardin",
		"MiddleName": "Yuli"
	},
	{
		"FirstName": "Victor",
		"LastName": "Kidd",
		"MiddleName": "Hashim"
	},
	{
		"FirstName": "Vincent",
		"LastName": "Gallegos",
		"MiddleName": "Cruz"
	},
	{
		"FirstName": "Brendan",
		"LastName": "Leblanc",
		"MiddleName": "Tucker"
	},
	{
		"FirstName": "Dane",
		"LastName": "Sanchez",
		"MiddleName": "Hop"
	},
	{
		"FirstName": "Zane",
		"LastName": "Briggs",
		"MiddleName": "Zahir"
	},
	{
		"FirstName": "Ciaran",
		"LastName": "Haney",
		"MiddleName": "Len"
	},
	{
		"FirstName": "Ryder",
		"LastName": "Stokes",
		"MiddleName": "Alexander"
	},
	{
		"FirstName": "Basil",
		"LastName": "Caldwell",
		"MiddleName": "Warren"
	},
	{
		"FirstName": "Oscar",
		"LastName": "Guzman",
		"MiddleName": "Elvis"
	},
	{
		"FirstName": "Jameson",
		"LastName": "Hughes",
		"MiddleName": "Nehru"
	},
	{
		"FirstName": "Garth",
		"LastName": "Baker",
		"MiddleName": "Christian"
	},
	{
		"FirstName": "Steven",
		"LastName": "Cantu",
		"MiddleName": "Raja"
	},
	{
		"FirstName": "Kadeem",
		"LastName": "Conner",
		"MiddleName": "Ray"
	},
	{
		"FirstName": "Tiger",
		"LastName": "Sheppard",
		"MiddleName": "Kenyon"
	},
	{
		"FirstName": "Colorado",
		"LastName": "Flowers",
		"MiddleName": "Paul"
	},
	{
		"FirstName": "Adam",
		"LastName": "Booker",
		"MiddleName": "Driscoll"
	},
	{
		"FirstName": "Jin",
		"LastName": "Bullock",
		"MiddleName": "Wing"
	},
	{
		"FirstName": "Ivor",
		"LastName": "Pollard",
		"MiddleName": "Davis"
	},
	{
		"FirstName": "Jarrod",
		"LastName": "Ross",
		"MiddleName": "Boris"
	},
	{
		"FirstName": "Ezekiel",
		"LastName": "Huffman",
		"MiddleName": "Beau"
	},
	{
		"FirstName": "Richard",
		"LastName": "Lane",
		"MiddleName": "Fuller"
	},
	{
		"FirstName": "Duncan",
		"LastName": "Mendez",
		"MiddleName": "Ross"
	},
	{
		"FirstName": "Graiden",
		"LastName": "Johns",
		"MiddleName": "Nasim"
	},
	{
		"FirstName": "Nero",
		"LastName": "Booker",
		"MiddleName": "Hu"
	},
	{
		"FirstName": "Wesley",
		"LastName": "David",
		"MiddleName": "Avram"
	},
	{
		"FirstName": "Jackson",
		"LastName": "Levine",
		"MiddleName": "Stewart"
	}
]